{
  "id": "",
  "name": "",
  "font_family": "iconfont",
  "css_prefix_text": "icon-",
  "description": "",
  "glyphs": [
    {
      "icon_id": "551537",
      "name": "定位",
      "font_class": "location",
      "unicode": "e61e",
      "unicode_decimal": 58910
    },
    {
      "icon_id": "630094",
      "name": "向右箭头",
      "font_class": "xiangyoujiantou",
      "unicode": "e65f",
      "unicode_decimal": 58975
    },
    {
      "icon_id": "630095",
      "name": "向左箭头",
      "font_class": "xiangzuojiantou",
      "unicode": "e660",
      "unicode_decimal": 58976
    },
    {
      "icon_id": "755541",
      "name": "放大镜",
      "font_class": "search",
      "unicode": "e623",
      "unicode_decimal": 58915
    },
    {
      "icon_id": "6399658",
      "name": "电话呼叫",
      "font_class": "weibiaoti--",
      "unicode": "e611",
      "unicode_decimal": 58897
    },
    {
      "icon_id": "10069735",
      "name": "邮件",
      "font_class": "youjian",
      "unicode": "e672",
      "unicode_decimal": 58994
    }
  ]
}
